Workbook

Sheet Dashboard User
C3: APLIKASI SPK PEMILIHAN KOST
C6: Uraian | D6: Kost 1 | E6: Kost 2 | F6: Kost 3 | G6: Kost 4 | H6: Kost 5
C7: Nama Kost
C8: Harga
C9: Jarak dari Kampus (Km)
C10: Ukuran Kamar (m2)
C11: Kamar Mandi
C12: AC/Non AC
C13: Listrik
C14: Rating
D17: Rekomendasi Kost
E18: =INDEX(Database!I18:M18,MATCH(1,Database!I27:M27,0)) -> 0

Sheet Database
H4: Normalisasi
B5: Kriteria/Parameter | C5: Tipe | D5: Keterangan | E5: Bobot | I5: Kost 1 | J5: Kost 2 | K5: Kost 3 | L5: Kost 4 | M5: Kost 5
B6: Harga | C6: Cost | D6: Biaya per Bulan | E6: 0.25 | H6: Nama Kost | I6: =IFERROR('Dashboard User'!D7,0) -> 0 | J6: =IFERROR('Dashboard User'!E7,0) -> 0 | K6: =IFERROR('Dashboard User'!F7,0) -> 0 | L6: =IFERROR('Dashboard User'!G7,0) -> 0 | M6: =IFERROR('Dashboard User'!H7,0) -> 0
B7: Jarak | C7: Cost | D7: Jarak Kos ke Kampus (Kilometer) | E7: 0.2 | H7: Harga | I7: =IFERROR(MIN('Dashboard User'!$D$8:$H$8)/'Dashboard User'!D8,0) -> 0 | J7: =IFERROR(MIN('Dashboard User'!$D$8:$H$8)/'Dashboard User'!E8,0) -> 0 | K7: =IFERROR(MIN('Dashboard User'!$D$8:$H$8)/'Dashboard User'!F8,0) -> 0 | L7: =IFERROR(MIN('Dashboard User'!$D$8:$H$8)/'Dashboard User'!G8,0) -> 0 | M7: =IFERROR(MIN('Dashboard User'!$D$8:$H$8)/'Dashboard User'!H8,0) -> 0
B8: Ukuran Kamar | C8: Benefit | D8: Luas (m2) | E8: 0.1 | H8: Jarak | I8: =IFERROR(MIN('Dashboard User'!$D$9:$H$9)/'Dashboard User'!D9,0) -> 0 | J8: =IFERROR(MIN('Dashboard User'!$D$9:$H$9)/'Dashboard User'!E9,0) -> 0 | K8: =IFERROR(MIN('Dashboard User'!$D$9:$H$9)/'Dashboard User'!F9,0) -> 0 | L8: =IFERROR(MIN('Dashboard User'!$D$9:$H$9)/'Dashboard User'!G9,0) -> 0 | M8: =IFERROR(MIN('Dashboard User'!$D$9:$H$9)/'Dashboard User'!H9,0) -> 0
B9: Kamar Mandi | C9: Benefit | D9: KM Dalam = 2, KM Luar = 1 | E9: 0.1 | H9: Ukuran Kamar | I9: =IFERROR('Dashboard User'!D10/MAX('Dashboard User'!$D$10:$H$10),0) -> 0 | J9: =IFERROR('Dashboard User'!E10/MAX('Dashboard User'!$D$10:$H$10),0) -> 0 | K9: =IFERROR('Dashboard User'!F10/MAX('Dashboard User'!$D$10:$H$10),0) -> 0 | L9: =IFERROR('Dashboard User'!G10/MAX('Dashboard User'!$D$10:$H$10),0) -> 0 | M9: =IFERROR('Dashboard User'!H10/MAX('Dashboard User'!$D$10:$H$10),0) -> 0
B10: AC/Non AC | C10: Benefit | D10: AC = 2, Non Ac = 1 | E10: 0.1 | H10: Kamar Mandi | I10: {=IFERROR(_xlfn.IFS('Dashboard User'!D11="Luar",1,'Dashboard User'!D11="Dalam",2)/2,0)} -> 0 | J10: {=IFERROR(_xlfn.IFS('Dashboard User'!E11="Luar",1,'Dashboard User'!E11="Dalam",2)/2,0)} -> 0 | K10: {=IFERROR(_xlfn.IFS('Dashboard User'!F11="Luar",1,'Dashboard User'!F11="Dalam",2)/2,0)} -> 0 | L10: {=IFERROR(_xlfn.IFS('Dashboard User'!G11="Luar",1,'Dashboard User'!G11="Dalam",2)/2,0)} -> 0 | M10: {=IFERROR(_xlfn.IFS('Dashboard User'!H11="Luar",1,'Dashboard User'!H11="Dalam",2)/2,0)} -> 0
B11: Listrik | C11: Benefit | D11: Incl. Listrik = 2, Excl. Listrik = 1 | E11: 0.1 | H11: AC/Non AC | I11: {=IFERROR(_xlfn.IFS('Dashboard User'!D12="Non AC",1,'Dashboard User'!D12="AC",2)/2,0)} -> 0 | J11: {=IFERROR(_xlfn.IFS('Dashboard User'!E12="Non AC",1,'Dashboard User'!E12="AC",2)/2,0)} -> 0 | K11: {=IFERROR(_xlfn.IFS('Dashboard User'!F12="Non AC",1,'Dashboard User'!F12="AC",2)/2,0)} -> 0 | L11: {=IFERROR(_xlfn.IFS('Dashboard User'!G12="Non AC",1,'Dashboard User'!G12="AC",2)/2,0)} -> 0 | M11: {=IFERROR(_xlfn.IFS('Dashboard User'!H12="Non AC",1,'Dashboard User'!H12="AC",2)/2,0)} -> 0
B12: Rating | C12: Benefit | D12: Skala 1-5 | E12: 0.15 | H12: Listrik | I12: {=IFERROR(_xlfn.IFS('Dashboard User'!D13="Exclude",1,'Dashboard User'!D13="Include",2)/2,0)} -> 0 | J12: {=IFERROR(_xlfn.IFS('Dashboard User'!E13="Exclude",1,'Dashboard User'!E13="Include",2)/2,0)} -> 0 | K12: {=IFERROR(_xlfn.IFS('Dashboard User'!F13="Exclude",1,'Dashboard User'!F13="Include",2)/2,0)} -> 0 | L12: {=IFERROR(_xlfn.IFS('Dashboard User'!G13="Exclude",1,'Dashboard User'!G13="Include",2)/2,0)} -> 0 | M12: {=IFERROR(_xlfn.IFS('Dashboard User'!H13="Exclude",1,'Dashboard User'!H13="Include",2)/2,0)} -> 0
H13: Rating | I13: =IFERROR('Dashboard User'!D14/5,0) -> 0 | J13: =IFERROR('Dashboard User'!E14/5,0) -> 0 | K13: =IFERROR('Dashboard User'!F14/5,0) -> 0 | L13: =IFERROR('Dashboard User'!G14/5,0) -> 0 | M13: =IFERROR('Dashboard User'!H14/5,0) -> 0
H16: Hitung Nilai Akhir
I17: Kost 1 | J17: Kost 2 | K17: Kost 3 | L17: Kost 4 | M17: Kost 5
H18: Nama Kost | I18: =I6 -> 0 | J18: =J6 -> 0 | K18: =K6 -> 0 | L18: =L6 -> 0 | M18: =M6 -> 0
H19: Harga | I19: =I7*$E$6 -> 0 | J19: =J7*$E$6 -> 0 | K19: =K7*$E$6 -> 0 | L19: =L7*$E$6 -> 0 | M19: =M7*$E$6 -> 0
H20: Jarak | I20: =I8*$E$7 -> 0 | J20: =J8*$E$7 -> 0 | K20: =K8*$E$7 -> 0 | L20: =L8*$E$7 -> 0 | M20: =M8*$E$7 -> 0
H21: Ukuran Kamar | I21: =I9*$E$8 -> 0 | J21: =J9*$E$8 -> 0 | K21: =K9*$E$8 -> 0 | L21: =L9*$E$8 -> 0 | M21: =M9*$E$8 -> 0
H22: Kamar Mandi | I22: =I10*$E$9 -> 0 | J22: =J10*$E$9 -> 0 | K22: =K10*$E$9 -> 0 | L22: =L10*$E$9 -> 0 | M22: =M10*$E$9 -> 0
H23: AC/Non AC | I23: =I11*$E$10 -> 0 | J23: =J11*$E$10 -> 0 | K23: =K11*$E$10 -> 0 | L23: =L11*$E$10 -> 0 | M23: =M11*$E$10 -> 0
H24: Listrik | I24: =I12*$E$11 -> 0 | J24: =J12*$E$11 -> 0 | K24: =K12*$E$11 -> 0 | L24: =L12*$E$11 -> 0 | M24: =M12*$E$11 -> 0
H25: Rating | I25: =I13*$E$12 -> 0 | J25: =J13*$E$12 -> 0 | K25: =K13*$E$12 -> 0 | L25: =L13*$E$12 -> 0 | M25: =M13*$E$12 -> 0
H26: Bobot | I26: =SUM(I19:I25) -> 0 | J26: =SUM(J19:J25) -> 0 | K26: =SUM(K19:K25) -> 0 | L26: =SUM(L19:L25) -> 0 | M26: =SUM(M19:M25) -> 0
H27: Rank | I27: =RANK(I26,$I$26:$M$26,0) -> 1 | J27: =RANK(J26,$I$26:$M$26,0) -> 1 | K27: =RANK(K26,$I$26:$M$26,0) -> 1 | L27: =RANK(L26,$I$26:$M$26,0) -> 1 | M27: =RANK(M26,$I$26:$M$26,0) -> 1
H43: Rekomendasi
